"date","email_type","send_size_delivered","opens","clicks","open_rate","click_rate","cto_rate","number_companies","investments_1_day","investments_7_day","volume_1_day","volume_7_day","avg_investment_1_day","x1_day_volume_sends","investments_1_day_open","month","weekday"
2022-01-05,"500k email",82923,26447,800,0.3189,0.0096,0.0302,1,86,100,48253,79973,"561.08",0.58,3.25,"Jan","Wed"
2022-01-05,"500k email",82490,26379,981,0.3198,0.0119,0.0372,1,116,138,79343,93633,"683.99",0.96,4.4,"Jan","Wed"
2022-01-06,"Weekly Newsletter",339026,80893,2072,0.2386,0.0061,0.0256,11,50,120,34850,96121,"697.0",0.1,0.62,"Jan","Thu"
2022-01-06,"Weekly Newsletter",340352,80575,2072,0.2367,0.0061,0.0257,11,44,104,26050,114950,"592.05",0.08,0.55,"Jan","Thu"
2022-01-07,"Other",256941,40801,1018,0.1588,0.004,0.025,1,7,9,2958,4458,"422.57",0.01,0.17,"Jan","Fri"
2022-01-07,"Other",256969,41025,1060,0.1596,0.0041,0.0258,1,8,10,1635,11735,"204.38",0.01,0.2,"Jan","Fri"
2022-01-10,"500k email",56475,16997,417,0.301,0.0074,0.0245,1,9,10,7125,8150,"791.67",0.13,0.53,"Jan","Mon"
2022-01-10,"500k email",57006,16714,384,0.2932,0.0067,0.023,1,11,11,8550,8550,"777.27",0.15,0.66,"Jan","Mon"
2022-01-12,"500k email",22686,7607,236,0.3353,0.0104,0.031,1,13,17,18000,21840,"1384.62",0.79,1.71,"Jan","Wed"
2022-01-12,"500k email",23318,8853,362,0.3797,0.0155,0.0409,1,19,26,25335,41835,"1333.42",1.09,2.15,"Jan","Wed"
2022-01-12,"250k email",53583,18296,685,0.3415,0.0128,0.0374,1,38,43,15483,40908,"407.45",0.29,2.08,"Jan","Wed"
2022-01-13,"Weekly Newsletter",681057,166933,4914,0.2451,0.0072,0.0294,25,131,297,104908,293466,"800.82",0.15,0.78,"Jan","Thu"
2022-01-18,"250k email",49430,16844,354,0.3408,0.0072,0.021,1,3,4,1000,1500,"333.33",0.02,0.18,"Jan","Tue"
2022-01-18,"250k email",49423,16768,368,0.3393,0.0074,0.0219,1,6,10,2150,5400,"358.33",0.04,0.36,"Jan","Tue"
2022-01-18,"250k email",26362,7682,186,0.2914,0.0071,0.0242,1,8,8,1401,1401,"175.13",0.05,1.04,"Jan","Tue"
2022-01-18,"250k email",26503,7652,188,0.2887,0.0071,0.0246,1,3,3,700,700,"233.33",0.03,0.39,"Jan","Tue"
2022-01-19,"250k email",82522,26735,614,0.324,0.0074,0.023,1,8,9,10750,11250,"1343.75",0.13,0.3,"Jan","Wed"
2022-01-20,"Weekly Newsletter",341073,82359,2463,0.2415,0.0072,0.0299,21,113,214,52995,128964,"468.98",0.16,1.37,"Jan","Thu"
2022-01-20,"Weekly Newsletter",340154,82014,2457,0.2411,0.0072,0.03,21,128,218,135725,198048,"1060.35",0.4,1.56,"Jan","Thu"
2022-01-21,"Other",225200,33245,1056,0.1476,0.0047,0.0318,0,0,0,0,0,"$NaN",0,0,"Jan","Fri"
2022-01-21,"Other",224853,33710,1092,0.1499,0.0049,0.0324,0,0,0,0,0,"$NaN",0,0,"Jan","Fri"
2022-01-21,"Other",225200,33245,1056,0.1476,0.0047,0.0318,1,11,16,7750,29250,"704.55",0.03,0.33,"Jan","Fri"
2022-01-21,"Other",224853,33710,1092,0.1499,0.0049,0.0324,1,7,13,3800,7300,"542.86",0.02,0.21,"Jan","Fri"
2022-01-24,"500k email",49523,18564,354,0.3749,0.0071,0.0191,1,1,2,500,600,"500.0",0.01,0.05,"Jan","Mon"
2022-01-24,"Other",39544,11495,368,0.2907,0.0093,0.032,0,0,0,0,0,"$NaN",0,0,"Jan","Mon"
2022-01-25,"500k email",34491,12723,250,0.3689,0.0072,0.0196,1,4,4,2577,2577,"644.25",0.07,0.31,"Jan","Tue"
2022-01-25,"500k email",34483,12645,245,0.3667,0.0071,0.0194,1,9,9,3900,3900,"433.33",0.11,0.71,"Jan","Tue"
2022-01-26,"500k email",45994,13340,466,0.29,0.0101,0.0349,1,40,51,32275,44825,"806.88",0.7,3,"Jan","Wed"
2022-01-26,"500k email",45753,13287,491,0.2904,0.0107,0.037,1,23,36,19050,25770,"828.26",0.42,1.73,"Jan","Wed"
2022-01-27,"Weekly Newsletter",451261,73141,2065,0.1621,0.0046,0.0282,8,9,17,9740,14240,"1082.22",0.02,0.12,"Jan","Thu"
2022-01-27,"Weekly Newsletter",33719,10159,245,0.3013,0.0073,0.0241,6,2,4,600,1700,"300.0",0.02,0.2,"Jan","Thu"
2022-01-27,"Weekly Newsletter",42046,11999,323,0.2854,0.0077,0.0269,8,10,20,5470,10881,"547.0",0.13,0.83,"Jan","Thu"
2022-01-27,"Weekly Newsletter",41640,12183,264,0.2926,0.0063,0.0217,8,10,21,10094,21819,"1009.4",0.24,0.82,"Jan","Thu"
2022-01-27,"Weekly Newsletter",63831,18805,426,0.2946,0.0067,0.0227,8,13,19,2955,7405,"227.31",0.05,0.69,"Jan","Thu"
2022-01-27,"Weekly Newsletter",56090,18251,373,0.3254,0.0067,0.0204,5,11,14,5250,5551,"477.27",0.09,0.6,"Jan","Thu"
2022-01-28,"Themed Newsletter",443981,82304,2245,0.1854,0.0051,0.0273,4,14,17,5300,12800,"378.57",0.01,0.17,"Jan","Fri"
2022-01-31,"250k email",59037,20090,522,0.3403,0.0088,0.026,1,21,23,10361,11111,"493.38",0.18,1.05,"Jan","Mon"
2022-02-01,"Themed Newsletter",39787,12307,242,0.3093,0.0061,0.0197,0,0,0,0,0,"$NaN",0,0,"Feb","Tue"
2022-02-01,"250k email",23322,9020,583,0.3868,0.025,0.0646,1,36,45,22869,29144,"635.25",0.98,3.99,"Feb","Tue"
2022-02-01,"250k email",22919,8665,598,0.3781,0.0261,0.069,1,61,73,40673,46914,"666.77",1.77,7.04,"Feb","Tue"
2022-02-03,"Weekly Newsletter",55724,21641,1101,0.3884,0.0198,0.0509,16,82,127,76824,107334,"936.88",1.38,3.79,"Feb","Thu"
2022-02-03,"Weekly Newsletter",105960,37714,1480,0.3559,0.014,0.0392,16,65,125,71142,123498,"1094.49",0.67,1.72,"Feb","Thu"
2022-02-03,"Weekly Newsletter",456110,86827,2418,0.1904,0.0053,0.0278,21,15,25,7000,16350,"466.67",0.02,0.17,"Feb","Thu"
2022-02-03,"Weekly Newsletter",70268,20375,790,0.29,0.0112,0.0388,16,25,43,14653,32802,"586.12",0.21,1.23,"Feb","Thu"
2022-02-04,"Themed Newsletter",181417,40099,1108,0.221,0.0061,0.0276,10,51,77,12554,27124,"246.16",0.07,1.27,"Feb","Fri"
2022-02-04,"Themed Newsletter",181189,39418,1161,0.2176,0.0064,0.0295,10,29,53,14980,22070,"516.55",0.08,0.74,"Feb","Fri"
2022-02-04,"Themed Newsletter",180829,39982,1122,0.2211,0.0062,0.0281,10,38,64,12904,26686,"339.58",0.07,0.95,"Feb","Fri"
2022-02-07,"250k email",38282,12750,343,0.3331,0.009,0.0269,1,5,6,3500,3750,"700.0",0.09,0.39,"Feb","Mon"
2022-02-07,"250k email",38494,12362,226,0.3211,0.0059,0.0183,1,4,6,2200,12450,"550.0",0.06,0.32,"Feb","Mon"
2022-02-08,"500k email",34989,9337,243,0.2669,0.0069,0.026,1,14,16,3250,3450,"232.14",0.09,1.5,"Feb","Tue"
2022-02-08,"500k email",35193,11550,332,0.3282,0.0094,0.0287,1,15,15,4650,4650,"310.0",0.13,1.3,"Feb","Tue"
2022-02-09,"250k email",19736,5764,119,0.2921,0.006,0.0206,1,4,4,950,950,"237.5",0.05,0.69,"Feb","Wed"
2022-02-09,"250k email",19576,6698,157,0.3422,0.008,0.0234,1,4,6,2700,2908,"675.0",0.14,0.6,"Feb","Wed"
2022-02-10,"Weekly Newsletter",110262,40323,861,0.3657,0.0078,0.0214,24,62,128,51400,118621,"829.03",0.47,1.54,"Feb","Thu"
2022-02-10,"Weekly Newsletter",91660,27211,963,0.2969,0.0105,0.0354,26,115,205,72849,164779,"633.47",0.79,4.23,"Feb","Thu"
2022-02-10,"Weekly Newsletter",15605,5056,218,0.324,0.014,0.0431,24,39,61,37624,76644,"964.72",2.41,7.71,"Feb","Thu"
2022-02-10,"Weekly Newsletter",15585,5013,208,0.3217,0.0133,0.0415,24,26,66,11420,55042,"439.23",0.73,5.19,"Feb","Thu"
2022-02-10,"Weekly Newsletter",456895,71096,2082,0.1556,0.0046,0.0293,26,11,29,4997,220313,"454.27",0.01,0.15,"Feb","Thu"
2022-02-11,"Other",40607,16026,416,0.3947,0.0102,0.026,4,2,3,200,450,"100.0",0,0.12,"Feb","Fri"
2022-02-14,"Themed Newsletter",513925,106603,2456,0.2074,0.0048,0.023,6,3,25,1450,9758,"483.33",0,0.03,"Feb","Mon"
2022-02-15,"Other",957,448,21,0.4681,0.0219,0.0469,0,0,0,0,0,"$NaN",0,0,"Feb","Tue"
2022-02-15,"Other",963,398,17,0.4133,0.0177,0.0427,0,0,0,0,0,"$NaN",0,0,"Feb","Tue"
2022-02-15,"250k email",50053,18986,475,0.3793,0.0095,0.025,1,16,19,4300,7500,"268.75",0.09,0.84,"Feb","Tue"
2022-02-16,"250k email",95054,25139,1203,0.2645,0.0127,0.0479,1,23,31,20345,25895,"884.57",0.21,0.91,"Feb","Wed"
2022-02-16,"250k email",32937,10988,349,0.3336,0.0106,0.0318,1,11,14,20516,24526,"1865.09",0.62,1,"Feb","Wed"
2022-02-17,"Weekly Newsletter",455684,89529,2594,0.1965,0.0057,0.029,27,8,19,3516,14316,"439.5",0.01,0.09,"Feb","Thu"
2022-02-17,"Weekly Newsletter",40833,14696,681,0.3599,0.0167,0.0463,23,46,109,54211,106677,"1178.5",1.33,3.13,"Feb","Thu"
2022-02-17,"Weekly Newsletter",120283,42917,920,0.3568,0.0076,0.0214,24,36,121,24749,122067,"687.47",0.21,0.84,"Feb","Thu"
2022-02-17,"Weekly Newsletter",77109,24972,744,0.3239,0.0096,0.0298,26,43,104,29750,78101,"691.86",0.39,1.72,"Feb","Thu"
2022-02-18,"250k email",32046,9842,216,0.3071,0.0067,0.0219,1,11,14,3500,3900,"318.18",0.11,1.12,"Feb","Fri"
2022-02-18,"250k email",31696,9762,192,0.308,0.0061,0.0197,1,9,9,7450,7450,"827.78",0.24,0.92,"Feb","Fri"
2022-02-21,"500k email",68336,23877,654,0.3494,0.0096,0.0274,1,73,98,44522,108292,"609.89",0.65,3.06,"Feb","Mon"
2022-02-22,"250k email",38632,14133,413,0.3658,0.0107,0.0292,1,22,24,6150,6750,"279.55",0.16,1.56,"Feb","Tue"
2022-02-22,"250k email",38911,14486,395,0.3723,0.0102,0.0273,1,23,26,15400,16200,"669.57",0.4,1.59,"Feb","Tue"
2022-02-23,"250k email",33228,12683,307,0.3817,0.0092,0.0242,1,21,27,9851,11801,"469.1",0.3,1.66,"Feb","Wed"
2022-02-23,"250k email",33347,12228,335,0.3667,0.01,0.0274,1,22,31,17400,22350,"790.91",0.52,1.8,"Feb","Wed"
2022-02-24,"Weekly Newsletter",141791,53159,1697,0.3749,0.012,0.0319,29,97,229,125778,223754,"1296.68",0.89,1.82,"Feb","Thu"
2022-02-24,"Weekly Newsletter",464754,90948,2533,0.1957,0.0055,0.0279,29,17,36,6100,20190,"358.82",0.01,0.19,"Feb","Thu"
2022-02-24,"Weekly Newsletter",95496,31733,1045,0.3323,0.0109,0.0329,29,67,148,37235,105426,"555.75",0.39,2.11,"Feb","Thu"
2022-02-25,"Themed Newsletter",487853,74255,1806,0.1522,0.0037,0.0243,3,6,10,850,1353,"141.67",0,0.08,"Feb","Fri"
2022-02-28,"Themed Newsletter",532294,89455,2220,0.1681,0.0042,0.0248,4,12,18,10900,21000,"908.33",0.02,0.13,"Feb","Mon"
2022-03-01,"Themed Newsletter",50085,12372,355,0.247,0.0071,0.0287,0,0,0,0,0,"$NaN",0,0,"Mar","Tue"
2022-03-01,"Weekly Newsletter",28695,10319,194,0.3596,0.0068,0.0188,1,12,14,6050,6800,"504.17",0.21,1.16,"Mar","Tue"
2022-03-01,"Weekly Newsletter",28745,10168,183,0.3537,0.0064,0.018,1,7,9,2810,4210,"401.43",0.1,0.69,"Mar","Tue"
2022-03-01,"Other",50085,12372,355,0.247,0.0071,0.0287,0,0,0,0,0,"$NaN",0,0,"Mar","Tue"
2022-03-03,"Weekly Newsletter",179981,39631,976,0.2202,0.0054,0.0246,21,31,55,15705,28958,"506.61",0.09,0.78,"Mar","Thu"
2022-03-03,"Weekly Newsletter",537999,125048,3228,0.2324,0.006,0.0258,21,90,147,83291,148796,"925.46",0.15,0.72,"Mar","Thu"
2022-03-04,"250k email",46023,14258,393,0.3098,0.0085,0.0276,1,37,42,13930,14980,"376.49",0.3,2.6,"Mar","Fri"
2022-03-07,"500k email",38242,14164,519,0.3704,0.0136,0.0366,1,51,66,33475,39626,"656.37",0.88,3.6,"Mar","Mon"
2022-03-07,"500k email",38063,14008,542,0.368,0.0142,0.0387,1,49,69,20185,31295,"411.94",0.53,3.5,"Mar","Mon"
2022-03-08,"500k email",80289,29867,732,0.372,0.0091,0.0245,1,76,97,45500,60162,"598.68",0.57,2.54,"Mar","Tue"
2022-03-09,"500k email",59387,17997,366,0.303,0.0062,0.0203,1,28,38,11459,17459,"409.25",0.19,1.56,"Mar","Wed"
2022-03-10,"Weekly Newsletter",248832,37113,963,0.1491,0.0039,0.0259,23,1,6,250,3155,"250.0",0,0.03,"Mar","Thu"
2022-03-10,"Weekly Newsletter",248372,37437,1181,0.1507,0.0048,0.0315,23,5,12,2200,5450,"440.0",0.01,0.13,"Mar","Thu"
2022-03-10,"Weekly Newsletter",144949,46561,1871,0.3212,0.0129,0.0402,23,105,188,93079,153703,"886.47",0.64,2.26,"Mar","Thu"
2022-03-10,"Weekly Newsletter",88235,27794,714,0.315,0.0081,0.0257,23,50,100,26655,65365,"533.1",0.3,1.8,"Mar","Thu"
2022-03-11,"Themed Newsletter",514963,77955,1943,0.1514,0.0038,0.0249,10,8,19,3100,10300,"387.5",0.01,0.1,"Mar","Fri"
2022-03-14,"500k email",80524,29332,493,0.3643,0.0061,0.0168,1,33,51,22645,34715,"686.21",0.28,1.13,"Mar","Mon"
2022-03-15,"250k email",72653,23182,483,0.3191,0.0066,0.0208,3,31,37,13950,21800,"450.0",0.19,1.34,"Mar","Tue"
2022-03-16,"250k email",80711,21409,536,0.2653,0.0066,0.025,2,33,36,37836,38386,"1146.55",0.47,1.54,"Mar","Wed"
2022-03-16,"Weekly Newsletter",346551,99914,5163,0.2883,0.0149,0.0517,26,205,367,144417,286604,"704.47",0.42,2.05,"Mar","Wed"
2022-03-17,"Other",346551,99914,5163,0.2883,0.0149,0.0517,26,205,367,144417,286604,"704.47",0.42,2.05,"Mar","Thu"
2022-03-17,"Weekly Newsletter",556043,93935,2072,0.1689,0.0037,0.0221,26,7,15,4150,9523,"592.86",0.01,0.07,"Mar","Thu"
2022-03-17,"Weekly Newsletter",186021,56563,1156,0.3041,0.0062,0.0204,26,93,185,46968,122305,"505.03",0.25,1.64,"Mar","Thu"
2022-03-21,"500k email",51900,16060,321,0.3094,0.0062,0.02,1,9,9,3255,3255,"361.67",0.06,0.56,"Mar","Mon"
2022-03-22,"250k email",50393,16717,339,0.3317,0.0067,0.0203,1,11,12,4401,4651,"400.09",0.09,0.66,"Mar","Tue"
2022-03-23,"250k email",84910,33162,546,0.3906,0.0064,0.0165,2,2,6,2000,3800,"1000.0",0.02,0.06,"Mar","Wed"
2022-03-23,"250k email",35238,9739,525,0.2764,0.0149,0.0539,1,42,70,48746,70177,"1160.62",1.38,4.31,"Mar","Wed"
2022-03-24,"Weekly Newsletter",728648,176956,5118,0.2429,0.007,0.0289,26,218,586,166651,494705,"764.45",0.23,1.23,"Mar","Thu"
2022-03-25,"Themed Newsletter",510170,91697,2048,0.1797,0.004,0.0223,7,12,40,21277,45487,"1773.08",0.04,0.13,"Mar","Fri"
2022-03-28,"500k email",22244,9063,90,0.4074,0.004,0.0099,1,6,11,7250,14750,"1208.33",0.33,0.66,"Mar","Mon"
2022-03-28,"500k email",22263,8042,100,0.3612,0.0045,0.0124,1,1,2,250,2750,"250.0",0.01,0.12,"Mar","Mon"
2022-03-29,"500k email",85314,26950,522,0.3159,0.0061,0.0194,1,68,112,39965,70488,"587.72",0.47,2.52,"Mar","Tue"
2022-03-29,"500k email",49201,17480,387,0.3553,0.0079,0.0221,1,32,37,20475,22075,"639.84",0.42,1.83,"Mar","Tue"
2022-03-29,"500k email",49270,14469,289,0.2937,0.0059,0.02,1,37,38,19375,19625,"523.65",0.39,2.56,"Mar","Tue"
2022-03-29,"Themed Newsletter",41095,10635,183,0.2588,0.0045,0.0172,0,0,0,0,0,"$NaN",0,0,"Mar","Tue"
2022-03-30,"Other",46115,17216,756,0.3733,0.0164,0.0439,0,0,0,0,0,"$NaN",0,0,"Mar","Wed"
2022-03-30,"Other",772199,229026,4784,0.2966,0.0062,0.0209,0,0,0,0,0,"$NaN",0,0,"Mar","Wed"
2022-03-31,"Weekly Newsletter",736464,182671,3935,0.248,0.0053,0.0215,22,211,572,171484,590031,"812.72",0.23,1.16,"Mar","Thu"
2022-04-01,"Themed Newsletter",471625,71307,1332,0.1512,0.0028,0.0187,0,0,0,0,0,"$NaN",0,0,"Apr","Fri"
2022-04-02,"Other",59037,20090,522,0.3403,0.0088,0.026,0,0,0,0,0,"$NaN",0,0,"Apr","Sat"
2022-04-04,"250k email",89653,34875,715,0.389,0.008,0.0205,2,6,7,2750,3000,"458.33",0.03,0.17,"Apr","Mon"
2022-04-05,"Other",124013,35803,1222,0.2887,0.0099,0.0341,0,0,0,0,0,"$NaN",0,0,"Apr","Tue"
2022-04-06,"250k email",48613,21658,564,0.4455,0.0116,0.026,1,83,98,75656,84924,"911.52",1.56,3.83,"Apr","Wed"
2022-04-06,"250k email",38888,15176,442,0.3902,0.0114,0.0291,1,47,69,26239,41989,"558.28",0.67,3.1,"Apr","Wed"
2022-04-07,"Weekly Newsletter",758219,194471,6499,0.2565,0.0086,0.0334,19,411,681,298403,491766,"726.04",0.39,2.11,"Apr","Thu"
2022-04-08,"250k email",44154,18006,313,0.4078,0.0071,0.0174,1,8,9,3200,3450,"400.0",0.07,0.44,"Apr","Fri"
2022-04-11,"250k email",41982,18249,518,0.4347,0.0123,0.0284,1,22,43,22401,49251,"1018.23",0.53,1.21,"Apr","Mon"
2022-04-11,"500k email",47590,18245,648,0.3834,0.0136,0.0355,1,73,92,29906,37516,"409.67",0.63,4,"Apr","Mon"
2022-04-13,"250k email",75797,24300,557,0.3206,0.0073,0.0229,1,29,37,11702,14772,"403.52",0.15,1.19,"Apr","Wed"
2022-04-13,"250k email",60412,18730,258,0.31,0.0043,0.0138,1,16,19,3310,3964,"206.88",0.05,0.85,"Apr","Wed"
2022-04-13,"500k email",29514,11629,190,0.394,0.0064,0.0163,1,7,9,1500,2600,"214.29",0.05,0.6,"Apr","Wed"
2022-04-14,"Weekly Newsletter",383446,95318,2389,0.2486,0.0062,0.0251,27,135,250,206362,372643,"1528.61",0.54,1.42,"Apr","Thu"
2022-04-14,"Weekly Newsletter",383981,96101,2954,0.2503,0.0077,0.0307,27,167,266,136699,224115,"818.56",0.36,1.74,"Apr","Thu"
2022-04-15,"Themed Newsletter",530554,104986,2414,0.1979,0.0045,0.023,9,50,65,21850,27972,"437.0",0.04,0.48,"Apr","Fri"
2022-04-18,"500k email",52108,21102,1146,0.405,0.022,0.0543,1,32,35,37170,37920,"1161.56",0.71,1.52,"Apr","Mon"
2022-04-18,"250k email",50056,22130,1076,0.4421,0.0215,0.0486,1,26,42,9557,17782,"367.58",0.19,1.17,"Apr","Mon"
2022-04-19,"500k email",56820,22540,1389,0.3967,0.0244,0.0616,1,23,31,48150,54501,"2093.48",0.85,1.02,"Apr","Tue"
2022-04-19,"500k email",35255,16307,983,0.4625,0.0279,0.0603,1,9,9,7500,7500,"833.33",0.21,0.55,"Apr","Tue"
2022-04-20,"500k email",55611,25567,1545,0.4597,0.0278,0.0604,1,26,36,13620,17370,"523.85",0.24,1.02,"Apr","Wed"
2022-04-20,"500k email",43915,20308,954,0.4624,0.0217,0.047,1,11,13,3550,4050,"322.73",0.08,0.54,"Apr","Wed"
2022-04-21,"Weekly Newsletter",390064,91724,1999,0.2352,0.0051,0.0218,26,105,325,368739,522381,"3511.8",0.95,1.14,"Apr","Thu"
2022-04-21,"Weekly Newsletter",389380,94649,2103,0.2431,0.0054,0.0222,26,120,336,87457,447453,"728.81",0.22,1.27,"Apr","Thu"
2022-04-22,"Themed Newsletter",620369,133871,3196,0.2158,0.0052,0.0239,12,172,408,109117,290683,"634.4",0.18,1.28,"Apr","Fri"
2022-04-25,"500k email",67041,31140,1633,0.4645,0.0244,0.0524,1,71,171,21380,75980,"301.13",0.32,2.28,"Apr","Mon"
2022-04-25,"500k email",52668,23655,1223,0.4491,0.0232,0.0517,1,47,69,24670,38163,"524.89",0.47,1.99,"Apr","Mon"
2022-04-26,"500k email",67041,31195,1641,0.4653,0.0245,0.0526,1,71,171,21380,75980,"301.13",0.32,2.28,"Apr","Tue"
2022-04-26,"500k email",36572,12700,260,0.3473,0.0071,0.0205,1,31,33,14306,19406,"461.48",0.39,2.44,"Apr","Tue"
2022-04-26,"500k email",39937,13686,348,0.3427,0.0087,0.0254,1,50,93,39032,264782,"780.64",0.98,3.65,"Apr","Tue"
2022-04-26,"500k email",36453,13579,531,0.3725,0.0146,0.0391,1,54,87,22550,37411,"417.59",0.62,3.98,"Apr","Tue"
2022-04-26,"Other",12,3,3,0.25,0.25,1,0,0,0,0,0,"$NaN",0,0,"Apr","Tue"
2022-04-27,"500k email",48108,18467,448,0.3839,0.0093,0.0243,1,49,102,36599,75907,"746.92",0.76,2.65,"Apr","Wed"
2022-04-27,"Other",874761,210390,7200,0.2405,0.0082,0.0342,0,0,0,0,0,"$NaN",0,0,"Apr","Wed"
2022-04-27,"Other",44233,14871,652,0.3362,0.0147,0.0438,0,0,0,0,0,"$NaN",0,0,"Apr","Wed"
2022-04-28,"Weekly Newsletter",191377,39770,1299,0.2078,0.0068,0.0327,72,65,167,40777,94895,"627.34",0.21,1.63,"Apr","Thu"
2022-04-28,"Weekly Newsletter",191102,39481,1377,0.2066,0.0072,0.0349,72,89,194,53101,121066,"596.64",0.28,2.25,"Apr","Thu"
2022-04-28,"Weekly Newsletter",191236,39700,1262,0.2076,0.0066,0.0318,72,102,199,252922,390337,"2479.63",1.32,2.57,"Apr","Thu"
2022-04-28,"Weekly Newsletter",191917,39718,1360,0.207,0.0071,0.0342,72,85,156,44122,93395,"519.08",0.23,2.14,"Apr","Thu"
2022-04-29,"250k email",35241,14605,400,0.4144,0.0114,0.0274,1,53,59,18675,25596,"352.36",0.53,3.63,"Apr","Fri"
2022-05-02,"250k email",50318,18499,372,0.3676,0.0074,0.0201,1,21,23,17640,19815,"840.0",0.35,1.14,"May","Mon"
2022-05-02,"250k email",120820,35490,639,0.2937,0.0053,0.018,1,31,36,7775,8829,"250.81",0.06,0.87,"May","Mon"
2022-05-03,"500k email",49263,20776,449,0.4217,0.0091,0.0216,1,14,15,2950,4450,"210.71",0.06,0.67,"May","Tue"
2022-05-03,"250k email",68407,28196,1027,0.4122,0.015,0.0364,1,29,32,21000,22550,"724.14",0.31,1.03,"May","Tue"
2022-05-03,"250k email",49263,20776,449,0.4217,0.0091,0.0216,1,14,15,2950,4450,"210.71",0.06,0.67,"May","Tue"
2022-05-04,"500k email",559060,120884,2331,0.2162,0.0042,0.0193,1,24,31,23350,25700,"972.92",0.04,0.2,"May","Wed"
2022-05-04,"500k email",559060,120884,2331,0.2162,0.0042,0.0193,1,24,31,23350,25700,"972.92",0.04,0.2,"May","Wed"
2022-05-05,"Weekly Newsletter",387025,97743,2206,0.2525,0.0057,0.0226,18,74,118,33374,58528,"451.0",0.09,0.76,"May","Thu"
2022-05-05,"Weekly Newsletter",385789,96075,2006,0.249,0.0052,0.0209,18,74,131,30100,53356,"406.76",0.08,0.77,"May","Thu"
2022-05-06,"Themed Newsletter",4464,1629,52,0.3649,0.0116,0.0319,0,0,0,0,0,"$NaN",0,0,"May","Fri"
2022-05-09,"250k email",33912,11467,318,0.3381,0.0094,0.0277,1,7,7,5300,5300,"757.14",0.16,0.61,"May","Mon"
2022-05-10,"250k email",45791,11312,224,0.247,0.0049,0.0198,1,7,7,1800,1800,"257.14",0.04,0.62,"May","Tue"
2022-05-11,"500k email",31306,9461,329,0.3022,0.0105,0.0348,1,19,21,5400,5680,"284.21",0.17,2.01,"May","Wed"
2022-05-12,"Weekly Newsletter",778799,165320,3457,0.2123,0.0044,0.0209,0,0,0,0,0,"$NaN",0,0,"May","Thu"
2022-05-13,"Themed Newsletter",684628,167698,2587,0.2449,0.0038,0.0154,1,47,56,15578,34028,"331.45",0.02,0.28,"May","Fri"
2022-05-16,"500k email",38343,9374,266,0.2445,0.0069,0.0284,1,1,2,250,750,"250.0",0.01,0.11,"May","Mon"
2022-05-17,"250k email",23190,5931,147,0.2558,0.0063,0.0248,1,5,8,3000,6750,"600.0",0.13,0.84,"May","Tue"
2022-05-18,"250k email",35236,8811,342,0.2501,0.0097,0.0388,1,14,17,8100,9400,"578.57",0.23,1.59,"May","Wed"
2022-05-19,"Weekly Newsletter",762057,190896,4524,0.2505,0.0059,0.0237,13,107,181,93228,277304,"871.29",0.12,0.56,"May","Thu"
2022-05-20,"Other",814712,206219,5034,0.2531,0.0062,0.0244,0,0,0,0,0,"$NaN",0,0,"May","Fri"
2022-05-23,"250k email",17969,5648,109,0.3143,0.0061,0.0193,1,2,4,200,420,"100.0",0.01,0.35,"May","Mon"
2022-05-23,"500k email",38343,9824,286,0.2562,0.0075,0.0291,1,2,3,1250,1750,"625.0",0.03,0.2,"May","Mon"
2022-05-23,"250k email",10228,2868,103,0.2804,0.0101,0.0359,1,3,5,1500,16600,"500.0",0.15,1.05,"May","Mon"
2022-05-24,"250k email",23841,7505,208,0.3148,0.0087,0.0277,1,21,25,25490,26902,"1213.81",1.07,2.8,"May","Tue"
2022-05-24,"500k email",35236,9204,357,0.2612,0.0101,0.0388,1,14,21,8100,10900,"578.57",0.23,1.52,"May","Tue"
2022-05-24,"500k email",24694,8731,244,0.3536,0.0099,0.0279,1,20,37,9225,16126,"461.25",0.37,2.29,"May","Tue"
2022-05-25,"Other",818866,205476,4683,0.2509,0.0057,0.0228,0,0,0,0,0,"$NaN",0,0,"May","Wed"
2022-05-26,"Weekly Newsletter",393796,98588,2291,0.2504,0.0058,0.0232,18,47,109,24955,67975,"530.96",0.06,0.48,"May","Thu"
2022-05-26,"Weekly Newsletter",395126,92230,1951,0.2334,0.0049,0.0212,18,50,86,53321,70579,"1066.42",0.13,0.54,"May","Thu"
2022-05-27,"Themed Newsletter",681525,166185,3382,0.2438,0.005,0.0204,9,24,38,15553,21580,"648.04",0.02,0.14,"May","Fri"
2022-05-31,"250k email",24472,8332,268,0.3405,0.011,0.0322,1,10,11,2400,2889,"240.0",0.1,1.2,"May","Tue"
2022-05-31,"Other",44574,11625,321,0.2608,0.0072,0.0276,0,0,0,0,0,"$NaN",0,0,"May","Tue"
2022-06-01,"250k email",37134,8980,146,0.2418,0.0039,0.0163,1,9,10,2000,2100,"222.22",0.05,1,"Jun","Wed"
2022-06-01,"250k email",29245,8524,245,0.2915,0.0084,0.0287,1,20,25,23490,26240,"1174.5",0.8,2.35,"Jun","Wed"
2022-06-02,"Weekly Newsletter",791259,201583,5948,0.2548,0.0075,0.0295,15,141,220,58267,93165,"413.24",0.07,0.7,"Jun","Thu"
2022-06-03,"250k email",28952,9388,356,0.3243,0.0123,0.0379,1,37,43,50268,53568,"1358.59",1.74,3.94,"Jun","Fri"
2022-06-06,"250k email",23134,6812,121,0.2945,0.0052,0.0178,1,6,7,7000,7200,"1166.67",0.3,0.88,"Jun","Mon"
2022-06-07,"250k email",28328,8050,126,0.2842,0.0044,0.0157,1,1,2,100,1100,"100.0",0,0.12,"Jun","Tue"
2022-06-08,"250k email",28851,8254,181,0.2861,0.0063,0.0219,1,6,8,3750,54750,"625.0",0.13,0.73,"Jun","Wed"
2022-06-09,"Weekly Newsletter",815387,170356,3938,0.2089,0.0048,0.0231,20,88,186,36211,135843,"411.49",0.04,0.52,"Jun","Thu"
2022-06-10,"250k email",28619,8138,119,0.2844,0.0042,0.0146,1,4,5,1350,1600,"337.5",0.05,0.49,"Jun","Fri"
2022-06-13,"250k email",23301,8233,103,0.3533,0.0044,0.0125,1,5,5,950,950,"190.0",0.04,0.61,"Jun","Mon"
2022-06-14,"Other",694,462,92,0.6657,0.1326,0.1991,0,0,0,0,0,"$NaN",0,0,"Jun","Tue"
2022-06-14,"250k email",11526,3504,119,0.304,0.0103,0.034,1,3,3,1500,1500,"500.0",0.13,0.86,"Jun","Tue"
2022-06-14,"250k email",11659,3430,99,0.2942,0.0085,0.0289,1,4,6,700,1050,"175.0",0.06,1.17,"Jun","Tue"
2022-06-14,"250k email",27126,7399,239,0.2728,0.0088,0.0323,1,16,20,9200,19800,"575.0",0.34,2.16,"Jun","Tue"
2022-06-15,"250k email",23469,7130,312,0.3038,0.0133,0.0438,1,29,35,63389,65789,"2185.83",2.7,4.07,"Jun","Wed"
2022-06-15,"250k email",26340,4534,67,0.1721,0.0025,0.0148,1,2,2,600,600,"300.0",0.02,0.44,"Jun","Wed"
2022-06-16,"Weekly Newsletter",802252,199782,4279,0.249,0.0053,0.0214,21,97,184,65880,162739,"679.18",0.08,0.49,"Jun","Thu"
2022-06-20,"250k email",51933,12718,237,0.2449,0.0046,0.0186,1,0,0,0,0,"$NaN",0,0,"Jun","Mon"
2022-06-21,"250k email",32576,8971,174,0.2754,0.0053,0.0194,1,4,5,400,650,"100.0",0.01,0.45,"Jun","Tue"
2022-06-23,"Weekly Newsletter",804410,197231,4547,0.2452,0.0057,0.0231,23,98,204,78406,144561,"800.06",0.1,0.5,"Jun","Thu"
2022-06-27,"250k email",42163,11365,297,0.2695,0.007,0.0261,1,0,0,0,0,"$NaN",0,0,"Jun","Mon"
2022-06-28,"500k email",44543,12018,298,0.2698,0.0067,0.0248,1,26,37,24175,30530,"929.81",0.54,2.16,"Jun","Tue"
2022-06-29,"250k email",28769,5849,150,0.2033,0.0052,0.0256,1,2,3,750,1000,"375.0",0.03,0.34,"Jun","Wed"
2022-07-04,"Themed Newsletter",807704,207771,5659,0.2572,0.007,0.0272,5,90,115,30995,48295,"344.39",0.04,0.43,"Jul","Mon"
2022-07-06,"500k email",4089,1952,93,0.4774,0.0227,0.0476,1,11,11,8092,8092,"735.64",1.98,5.64,"Jul","Wed"
2022-07-07,"Weekly Newsletter",799196,169582,3170,0.2122,0.004,0.0187,19,39,127,53506,131926,"1371.95",0.07,0.23,"Jul","Thu"
2022-07-12,"250k email",52515,14850,922,0.2828,0.0176,0.0621,1,44,51,18594,25844,"422.59",0.35,2.96,"Jul","Tue"
2022-07-14,"Weekly Newsletter",412191,86158,1843,0.209,0.0045,0.0214,16,57,106,28550,63741,"500.88",0.07,0.66,"Jul","Thu"
2022-07-14,"Weekly Newsletter",412385,86346,1866,0.2094,0.0045,0.0216,16,73,116,51325,69672,"703.08",0.12,0.85,"Jul","Thu"
2022-07-18,"250k email",32024,10690,110,0.3338,0.0034,0.0103,1,0,0,0,0,"$NaN",0,0,"Jul","Mon"
2022-07-19,"250k email",36328,11819,259,0.3253,0.0071,0.0219,1,7,7,11000,11000,"1571.43",0.3,0.59,"Jul","Tue"
2022-07-21,"Weekly Newsletter",802329,178776,3998,0.2228,0.005,0.0224,15,89,210,60521,153811,"680.01",0.08,0.5,"Jul","Thu"
2022-07-25,"250k email",28512,8322,116,0.2919,0.0041,0.0139,1,3,3,1300,1300,"433.33",0.05,0.36,"Jul","Mon"
2022-07-26,"250k email",23230,8535,173,0.3674,0.0074,0.0203,1,8,8,4230,4230,"528.75",0.18,0.94,"Jul","Tue"
2022-07-26,"250k email",30995,8567,170,0.2764,0.0055,0.0198,1,3,3,750,750,"250.0",0.02,0.35,"Jul","Tue"
2022-07-28,"Weekly Newsletter",713238,156413,3762,0.2193,0.0053,0.0241,0,0,0,0,0,"$NaN",0,0,"Jul","Thu"
2022-08-01,"Other",54110,17748,370,0.328,0.0068,0.0208,1,27,49,17950,53900,"664.81",0.33,1.52,"Aug","Mon"
2022-08-02,"250k email",827271,3465,2164,0.0042,0.0026,0.6245,1,0,0,0,0,"$NaN",0,0,"Aug","Tue"
2022-08-02,"250k email",28625,680,195,0.0238,0.0068,0.2868,1,0,0,0,0,"$NaN",0,0,"Aug","Tue"
2022-08-02,"250k email",48662,918,357,0.0189,0.0073,0.3889,1,0,0,0,0,"$NaN",0,0,"Aug","Tue"
2022-08-02,"250k email",4,2,1,0.5,0.25,0.5,1,0,0,0,0,"$NaN",0,0,"Aug","Tue"
2022-08-02,"hit_350_k",12364,4809,639,0.389,0.0517,0.1329,1,0,0,0,0,"$NaN",0,0,"Aug","Tue"
2022-08-02,"500k email",49142,13488,270,0.2745,0.0055,0.02,1,7,7,2550,2550,"364.29",0.05,0.52,"Aug","Tue"
2022-08-02,"500k email",26955,8080,177,0.2998,0.0066,0.0219,1,7,9,7094,7694,"1013.43",0.26,0.87,"Aug","Tue"
2022-08-02,"hit_350_k",827271,3465,2164,0.0042,0.0026,0.6245,1,0,0,0,0,"$NaN",0,0,"Aug","Tue"
2022-08-02,"hit_350_k",28625,680,195,0.0238,0.0068,0.2868,1,0,0,0,0,"$NaN",0,0,"Aug","Tue"
2022-08-02,"hit_350_k",48662,918,357,0.0189,0.0073,0.3889,1,0,0,0,0,"$NaN",0,0,"Aug","Tue"
2022-08-02,"hit_350_k",4,2,1,0.5,0.25,0.5,1,0,0,0,0,"$NaN",0,0,"Aug","Tue"
2022-08-03,"250k email",49722,14581,236,0.2933,0.0047,0.0162,1,9,10,8100,8200,"900.0",0.16,0.62,"Aug","Wed"
2022-08-04,"Weekly Newsletter",640869,126030,2637,0.1967,0.0041,0.0209,18,60,94,37200,80330,"620.0",0.06,0.48,"Aug","Thu"
2022-08-15,"250k email",80622,29016,1354,0.3599,0.0168,0.0467,1,102,132,43000,61975,"421.57",0.53,3.52,"Aug","Mon"
2022-08-15,"250k email",16551,3662,79,0.2213,0.0048,0.0216,1,3,3,1200,1200,"400.0",0.07,0.82,"Aug","Mon"
2022-08-16,"250k email",21752,3273,74,0.1505,0.0034,0.0226,1,3,3,300,300,"100.0",0.01,0.92,"Aug","Tue"
2022-08-17,"250k email",14135,4046,117,0.2862,0.0083,0.0289,1,12,16,2450,5850,"204.17",0.17,2.97,"Aug","Wed"
2022-08-17,"250k email",21435,8514,289,0.3972,0.0135,0.0339,1,25,28,40250,41950,"1610.0",1.88,2.94,"Aug","Wed"
2022-08-17,"250k email",21752,3285,74,0.151,0.0034,0.0225,1,3,3,300,300,"100.0",0.01,0.91,"Aug","Wed"
2022-08-18,"Weekly Newsletter",539315,103003,2110,0.191,0.0039,0.0205,23,44,110,38650,172035,"878.41",0.07,0.43,"Aug","Thu"
2022-08-19,"250k email",12680,5251,95,0.4141,0.0075,0.0181,1,3,4,2100,2600,"700.0",0.17,0.57,"Aug","Fri"
2022-08-25,"Weekly Newsletter",618652,151476,4107,0.2448,0.0066,0.0271,15,197,411,168180,357554,"853.71",0.27,1.3,"Aug","Thu"
2022-08-25,"Other",82230,23381,2083,0.2843,0.0253,0.0891,0,0,0,0,0,"$NaN",0,0,"Aug","Thu"
2022-08-26,"500k email",64923,23367,952,0.3599,0.0147,0.0407,1,80,182,80667,166466,"1008.34",1.24,3.42,"Aug","Fri"
2022-08-29,"250k email",28974,10629,330,0.3668,0.0114,0.031,1,30,43,22850,30551,"761.67",0.79,2.82,"Aug","Mon"
2022-08-29,"250k email",16294,4176,75,0.2563,0.0046,0.018,1,1,2,100,1100,"100.0",0.01,0.24,"Aug","Mon"
2022-08-30,"250k email",41498,15365,338,0.3703,0.0081,0.022,1,9,14,7325,10675,"813.89",0.18,0.59,"Aug","Tue"
2022-08-31,"500k email",78320,29035,662,0.3707,0.0085,0.0228,1,39,49,46391,72663,"1189.51",0.59,1.34,"Aug","Wed"
2022-09-01,"Weekly Newsletter",602843,133054,2822,0.2207,0.0047,0.0212,15,47,99,27463,125474,"584.32",0.05,0.35,"Sep","Thu"
2022-09-05,"500k email",15883,5296,127,0.3334,0.008,0.024,1,7,7,1450,1450,"207.14",0.09,1.32,"Sep","Mon"
2022-09-07,"250k email",40085,11956,266,0.2983,0.0066,0.0222,1,5,11,2250,35750,"450.0",0.06,0.42,"Sep","Wed"
2022-09-07,"250k email",69295,19736,375,0.2848,0.0054,0.019,1,18,27,4352,5852,"241.78",0.06,0.91,"Sep","Wed"
2022-09-08,"Weekly Newsletter",373325,92937,2131,0.2489,0.0057,0.0229,18,57,107,27955,61805,"490.44",0.07,0.61,"Sep","Thu"
2022-09-08,"Weekly Newsletter",372979,96619,1825,0.259,0.0049,0.0189,18,38,81,46285,321995,"1218.03",0.12,0.39,"Sep","Thu"
2022-09-09,"250k email",72339,27682,846,0.3827,0.0117,0.0306,1,33,56,21359,160619,"647.24",0.3,1.19,"Sep","Fri"
2022-09-12,"250k email",36556,11128,203,0.3044,0.0056,0.0182,1,11,13,7977,9277,"725.18",0.22,0.99,"Sep","Mon"
2022-09-13,"250k email",64978,10795,259,0.1661,0.004,0.024,1,5,5,1550,1550,"310.0",0.02,0.46,"Sep","Tue"
2022-09-15,"Weekly Newsletter",404376,103071,2092,0.2549,0.0052,0.0203,12,59,128,38875,105576,"658.9",0.1,0.57,"Sep","Thu"
2022-09-15,"Weekly Newsletter",404138,103355,2046,0.2557,0.0051,0.0198,12,62,136,46098,223629,"743.52",0.11,0.6,"Sep","Thu"
2022-09-16,"500k email",13120,4687,162,0.3572,0.0123,0.0346,1,9,21,2700,6750,"300.0",0.21,1.92,"Sep","Fri"
2022-09-19,"250k email",30756,10274,355,0.334,0.0115,0.0346,1,17,23,16750,24000,"985.29",0.54,1.65,"Sep","Mon"
2022-09-20,"250k email",33899,7311,165,0.2157,0.0049,0.0226,1,8,8,13750,13750,"1718.75",0.41,1.09,"Sep","Tue"
2022-09-20,"250k email",30348,10982,302,0.3619,0.01,0.0275,1,21,31,115869,119119,"5517.57",3.82,1.91,"Sep","Tue"
2022-09-20,"250k email",14793,4231,62,0.286,0.0042,0.0147,1,0,1,0,500,"$NaN",0,0,"Sep","Tue"
2022-09-22,"Weekly Newsletter",711742,177347,3500,0.2492,0.0049,0.0197,19,114,171,116575,149244,"1022.59",0.16,0.64,"Sep","Thu"
2022-09-26,"250k email",17622,5772,135,0.3275,0.0077,0.0234,1,6,11,3650,5550,"608.33",0.21,1.04,"Sep","Mon"
2022-09-27,"250k email",30030,10176,198,0.3389,0.0066,0.0195,1,6,6,2000,2000,"333.33",0.07,0.59,"Sep","Tue"
2022-09-28,"250k email",21165,7122,179,0.3365,0.0085,0.0251,1,10,12,3550,5300,"355.0",0.17,1.4,"Sep","Wed"
2022-09-29,"Weekly Newsletter",739662,184015,5743,0.2488,0.0078,0.0312,22,136,224,217672,301588,"1600.53",0.29,0.74,"Sep","Thu"
2022-10-03,"250k email",25836,7840,167,0.3035,0.0065,0.0213,1,10,11,11090,11340,"1109.0",0.43,1.28,"Oct","Mon"
2022-10-04,"Other",732172,194163,4763,0.2652,0.0065,0.0245,0,0,0,0,0,"$NaN",0,0,"Oct","Tue"
2022-10-04,"500k email",48210,14388,241,0.2984,0.005,0.0168,1,17,26,7275,10150,"427.94",0.15,1.18,"Oct","Tue"
2022-10-06,"250k email",734100,179445,3327,0.2444,0.0045,0.0185,20,101,213,130165,222101,"1288.76",0.18,0.56,"Oct","Thu"
2022-10-10,"250k email",23120,5412,194,0.2341,0.0084,0.0358,1,20,30,10200,16630,"510.0",0.44,3.7,"Oct","Mon"
2022-10-11,"250k email",47987,11243,173,0.2343,0.0036,0.0154,1,9,10,7201,7301,"800.11",0.15,0.8,"Oct","Tue"
2022-10-13,"Weekly Newsletter",749118,187399,4110,0.2502,0.0055,0.0219,23,129,235,72127,243974,"559.12",0.1,0.69,"Oct","Thu"
2022-10-17,"250k email",33989,11680,415,0.3436,0.0122,0.0355,1,11,20,7390,12590,"671.82",0.22,0.94,"Oct","Mon"
2022-10-17,"250k email",26895,8527,179,0.317,0.0067,0.021,1,9,13,4050,4870,"450.0",0.15,1.06,"Oct","Mon"
2022-10-18,"250k email",45760,10527,352,0.23,0.0077,0.0334,1,16,20,8050,35050,"503.13",0.18,1.52,"Oct","Tue"
2022-10-18,"250k email",33898,12135,382,0.358,0.0113,0.0315,1,8,14,32900,40650,"4112.5",0.97,0.66,"Oct","Tue"
2022-10-20,"Weekly Newsletter",769637,185738,4939,0.2413,0.0064,0.0266,21,101,246,109024,474494,"1079.45",0.14,0.54,"Oct","Thu"
2022-10-24,"250k email",16346,5580,118,0.3414,0.0072,0.0211,1,0,0,0,0,"$NaN",0,0,"Oct","Mon"
2022-10-24,"250k email",32603,8825,245,0.2707,0.0075,0.0278,1,30,41,43822,55972,"1460.73",1.34,3.4,"Oct","Mon"
2022-10-25,"250k email",88594,32262,1068,0.3642,0.0121,0.0331,1,99,230,45678,681609,"461.39",0.52,3.07,"Oct","Tue"
2022-10-25,"250k email",21766,5009,111,0.2301,0.0051,0.0222,1,3,3,5600,5600,"1866.67",0.26,0.6,"Oct","Tue"
2022-10-26,"250k email",7113,2074,39,0.2916,0.0055,0.0188,1,0,1,0,50000,"$NaN",0,0,"Oct","Wed"
2022-10-26,"250k email",7113,2074,39,0.2916,0.0055,0.0188,1,0,1,0,50000,"$NaN",0,0,"Oct","Wed"
2022-10-26,"Other",864890,260022,12569,0.3006,0.0145,0.0483,0,0,0,0,0,"$NaN",0,0,"Oct","Wed"
2022-10-27,"Other",824,542,110,0.6578,0.1335,0.203,0,0,0,0,0,"$NaN",0,0,"Oct","Thu"
2022-10-27,"Weekly Newsletter",798967,198914,4244,0.249,0.0053,0.0213,26,228,538,239287,791983,"1049.5",0.3,1.15,"Oct","Thu"
2022-10-28,"250k email",11744,2795,86,0.238,0.0073,0.0308,1,4,5,2233,2433,"558.25",0.19,1.43,"Oct","Fri"
2022-10-31,"250k email",26279,9573,415,0.3643,0.0158,0.0434,1,49,61,17626,28776,"359.71",0.67,5.12,"Oct","Mon"
2022-10-31,"250k email",16497,5868,103,0.3557,0.0062,0.0176,1,3,3,1600,1600,"533.33",0.1,0.51,"Oct","Mon"
2022-10-31,"250k email",21766,5228,116,0.2402,0.0053,0.0222,1,3,5,5600,10800,"1866.67",0.26,0.57,"Oct","Mon"
2022-11-01,"250k email",37529,12656,221,0.3372,0.0059,0.0175,1,9,15,2300,102850,"255.56",0.06,0.71,"Nov","Tue"
2022-11-01,"250k email",62888,16159,331,0.2569,0.0053,0.0205,1,11,13,5788,10988,"526.18",0.09,0.68,"Nov","Tue"
2022-11-02,"500k email",24758,12696,434,0.5128,0.0175,0.0342,1,25,29,108830,117830,"4353.2",4.4,1.97,"Nov","Wed"
2022-11-03,"Weekly Newsletter",264287,66411,2179,0.2513,0.0082,0.0328,13,23,46,13850,55000,"602.17",0.05,0.35,"Nov","Thu"
2022-11-08,"500k email",17183,6296,140,0.3664,0.0081,0.0222,1,7,9,4950,5450,"707.14",0.29,1.11,"Nov","Tue"
2022-11-08,"500k email",59788,21787,340,0.3644,0.0057,0.0156,1,8,14,1600,3526,"200.0",0.03,0.37,"Nov","Tue"
2022-11-10,"Weekly Newsletter",836833,209497,4443,0.2503,0.0053,0.0212,23,83,243,58038,192570,"699.25",0.07,0.4,"Nov","Thu"
2022-11-11,"500k email",19280,5629,174,0.292,0.009,0.0309,1,12,48,8982,44035,"748.5",0.47,2.13,"Nov","Fri"
2022-11-14,"250k email",58621,17970,482,0.3065,0.0082,0.0268,1,29,35,14394,16994,"496.34",0.25,1.61,"Nov","Mon"
2022-11-15,"250k email",39804,11607,189,0.2916,0.0047,0.0163,1,11,15,4650,1580150,"422.73",0.12,0.95,"Nov","Tue"
2022-11-15,"500k email",26922,9582,218,0.3559,0.0081,0.0228,1,7,13,2939,62239,"419.86",0.11,0.73,"Nov","Tue"
2022-11-16,"500k email",7050,2118,72,0.3004,0.0102,0.034,1,4,6,3500,3950,"875.0",0.5,1.89,"Nov","Wed"
2022-11-17,"Weekly Newsletter",793184,189045,3287,0.2383,0.0041,0.0174,22,91,144,48229,126006,"529.99",0.06,0.48,"Nov","Thu"
2022-11-21,"250k email",29493,10782,404,0.3656,0.0137,0.0375,1,31,42,10161,12971,"327.77",0.34,2.88,"Nov","Mon"
2022-11-21,"Weekly Newsletter",793184,191056,3325,0.2409,0.0042,0.0174,22,92,146,48329,126206,"525.32",0.06,0.48,"Nov","Mon"
2022-11-23,"Other",75916,23964,908,0.3157,0.012,0.0379,0,0,0,0,0,"$NaN",0,0,"Nov","Wed"
2022-11-23,"Other",35729,16644,510,0.4658,0.0143,0.0306,0,0,0,0,0,"$NaN",0,0,"Nov","Wed"
2022-11-23,"Weekly Newsletter",773935,185992,4008,0.2403,0.0052,0.0215,15,63,103,43185,73794,"685.48",0.06,0.34,"Nov","Wed"
2022-11-28,"500k email",71446,22519,309,0.3152,0.0043,0.0137,1,5,8,3100,4100,"620.0",0.04,0.22,"Nov","Mon"
2022-11-28,"250k email",29739,7576,208,0.2547,0.007,0.0275,1,12,15,3250,4650,"270.83",0.11,1.58,"Nov","Mon"
2022-11-29,"250k email",53430,15996,284,0.2994,0.0053,0.0178,1,9,10,16381,16631,"1820.11",0.31,0.56,"Nov","Tue"
2022-11-29,"250k email",35671,7823,116,0.2193,0.0033,0.0148,1,2,4,350,1600,"175.0",0.01,0.26,"Nov","Tue"
2022-11-30,"Other",75916,25083,931,0.3304,0.0123,0.0371,0,0,0,0,0,"$NaN",0,0,"Nov","Wed"
2022-12-01,"Weekly Newsletter",35647,16136,431,0.4527,0.0121,0.0267,24,21,58,85050,139030,"4050.0",2.39,1.3,"Dec","Thu"
2022-12-01,"Weekly Newsletter",853077,207710,4579,0.2435,0.0054,0.022,23,67,136,22111,53971,"330.01",0.03,0.32,"Dec","Thu"
2022-12-05,"250k email",33256,12301,256,0.3699,0.0077,0.0208,1,14,45,10942,57012,"781.57",0.33,1.14,"Dec","Mon"
2022-12-06,"Other",100606,25211,369,0.2506,0.0037,0.0146,0,0,0,0,0,"$NaN",0,0,"Dec","Tue"
2022-12-07,"250k email",23903,8733,225,0.3654,0.0094,0.0258,1,16,24,3050,5350,"190.63",0.13,1.83,"Dec","Wed"
2022-12-08,"250k email",13058,3870,63,0.2964,0.0048,0.0163,1,2,3,200,300,"100.0",0.02,0.52,"Dec","Thu"
2022-12-08,"Weekly Newsletter",845433,170331,2934,0.2015,0.0035,0.0172,17,87,128,38156,170643,"438.57",0.05,0.51,"Dec","Thu"
2022-12-09,"Other",17262,7005,190,0.4058,0.011,0.0271,0,0,0,0,0,"$NaN",0,0,"Dec","Fri"
2022-12-12,"250k email",49255,17448,340,0.3542,0.0069,0.0195,1,23,27,11200,11750,"486.96",0.23,1.32,"Dec","Mon"
2022-12-13,"500k email",51256,15319,409,0.2989,0.008,0.0267,1,13,22,15250,20300,"1173.08",0.3,0.85,"Dec","Tue"
2022-12-14,"250k email",36411,8330,145,0.2288,0.004,0.0174,1,2,4,350,1600,"175.0",0.01,0.24,"Dec","Wed"
2022-12-14,"250k email",13368,4244,47,0.3175,0.0035,0.0111,1,0,0,0,0,"$NaN",0,0,"Dec","Wed"
2022-12-15,"Weekly Newsletter",35626,15922,427,0.4469,0.012,0.0268,15,20,27,24550,78750,"1227.5",0.69,1.26,"Dec","Thu"
2022-12-15,"Weekly Newsletter",853937,204180,5603,0.2391,0.0066,0.0274,15,57,116,19235,75645,"337.46",0.02,0.28,"Dec","Thu"
2022-12-19,"250k email",39743,12677,227,0.319,0.0057,0.0179,1,18,18,10750,10750,"597.22",0.27,1.42,"Dec","Mon"
2022-12-19,"250k email",35687,9021,98,0.2528,0.0027,0.0109,1,3,3,1700,1700,"566.67",0.05,0.33,"Dec","Mon"
2022-12-20,"250k email",35620,17722,467,0.4975,0.0131,0.0264,1,6,13,11500,43193,"1916.67",0.32,0.34,"Dec","Tue"
2022-12-21,"250k email",34323,7077,125,0.2062,0.0036,0.0177,1,2,3,200,300,"100.0",0.01,0.28,"Dec","Wed"
2022-12-22,"Weekly Newsletter",823560,198236,3292,0.2407,0.004,0.0166,13,45,70,35850,78750,"796.67",0.04,0.23,"Dec","Thu"
2022-12-29,"Weekly Newsletter",803649,202065,4276,0.2514,0.0053,0.0212,20,168,263,91429,169194,"544.22",0.11,0.83,"Dec","Thu"
2023-01-03,"250k email",27255,8080,134,0.2965,0.0049,0.0166,1,2,2,500,500,"250.0",0.02,0.25,"Jan","Tue"
2023-01-03,"500k email",74735,20682,429,0.2767,0.0057,0.0207,1,17,31,10200,50200,"600.0",0.14,0.82,"Jan","Tue"
2023-01-05,"Weekly Newsletter",1644128,253427,6654,0.1541,0.004,0.0263,12,113,247,55737,130723,"493.25",0.03,0.45,"Jan","Thu"
2023-01-06,"Weekly Newsletter",1644128,254090,6673,0.1545,0.0041,0.0263,13,118,274,87987,170216,"745.65",0.05,0.46,"Jan","Fri"
2023-01-11,"250k email",34684,8686,155,0.2504,0.0045,0.0178,1,2,3,1250,2250,"625.0",0.04,0.23,"Jan","Wed"
2023-01-11,"250k email",42634,13737,385,0.3222,0.009,0.028,1,27,36,24621,40121,"911.89",0.58,1.97,"Jan","Wed"
2023-01-12,"Weekly Newsletter",791992,195797,3823,0.2472,0.0048,0.0195,27,135,281,89995,228166,"666.63",0.11,0.69,"Jan","Thu"
2023-01-17,"500k email",27212,7810,196,0.287,0.0072,0.0251,1,19,28,8400,18350,"442.11",0.31,2.43,"Jan","Tue"
2023-01-17,"250k email",40539,14106,156,0.348,0.0038,0.0111,1,7,7,2150,2150,"307.14",0.05,0.5,"Jan","Tue"
2023-01-19,"Weekly Newsletter",847115,206762,3972,0.2441,0.0047,0.0192,23,98,171,88249,391683,"900.5",0.1,0.47,"Jan","Thu"
2023-01-20,"250k email",23820,7776,118,0.3264,0.005,0.0152,1,1,1,120,120,"120.0",0.01,0.13,"Jan","Fri"
2023-01-23,"500k email",92539,32717,1635,0.3535,0.0177,0.05,1,22,30,18150,24501,"825.0",0.2,0.67,"Jan","Mon"
2023-01-24,"500k email",27772,8893,173,0.3202,0.0062,0.0195,1,14,14,15750,15750,"1125.0",0.57,1.57,"Jan","Tue"
2023-01-24,"250k email",33529,11804,245,0.3521,0.0073,0.0208,1,11,13,2117,3217,"192.45",0.06,0.93,"Jan","Tue"
2023-01-24,"250k email",117502,29056,749,0.2473,0.0064,0.0258,1,4,9,2500,5500,"625.0",0.02,0.14,"Jan","Tue"
2023-01-26,"Weekly Newsletter",881694,210081,3922,0.2383,0.0044,0.0187,30,126,347,72403,467381,"574.63",0.08,0.6,"Jan","Thu"
2023-01-30,"500k email",117502,30139,781,0.2565,0.0066,0.0259,1,4,10,2500,6500,"625.0",0.02,0.13,"Jan","Mon"
2023-01-31,"Other",10059,3623,57,0.3602,0.0057,0.0157,1,10,17,11820,115070,"1182.0",1.18,2.76,"Jan","Tue"
2023-01-31,"500k email",48311,14239,222,0.2947,0.0046,0.0156,1,24,38,46101,82371,"1920.88",0.95,1.69,"Jan","Tue"
2023-02-01,"Weekly Newsletter",32633,11596,155,0.3553,0.0047,0.0134,1,3,5,500,700,"166.67",0.02,0.26,"Feb","Wed"
2023-02-02,"Weekly Newsletter",888196,213509,4356,0.2404,0.0049,0.0204,21,96,232,58492,172374,"609.29",0.07,0.45,"Feb","Thu"
2023-02-03,"500k email",30649,14795,277,0.4827,0.009,0.0187,1,8,11,26456,39856,"3307.0",0.86,0.54,"Feb","Fri"
2023-02-06,"500k email",38279,11349,116,0.2965,0.003,0.0102,1,5,6,700,800,"140.0",0.02,0.44,"Feb","Mon"
2023-02-06,"Other",39296,9890,277,0.2517,0.007,0.028,1,24,32,56108,59033,"2337.83",1.43,2.43,"Feb","Mon"
2023-02-07,"250k email",39130,10045,150,0.2567,0.0038,0.0149,1,12,16,32538,32938,"2711.5",0.83,1.19,"Feb","Tue"
2023-02-07,"500k email",18789,5892,160,0.3136,0.0085,0.0272,1,7,11,2400,3450,"342.86",0.13,1.19,"Feb","Tue"
2023-02-07,"500k email",18762,6015,234,0.3206,0.0125,0.0389,1,11,17,2850,6450,"259.09",0.15,1.83,"Feb","Tue"
2023-02-07,"Other",31869,12775,344,0.4009,0.0108,0.0269,0,0,0,0,0,"$NaN",0,0,"Feb","Tue"
2023-02-08,"Other",45031,12061,235,0.2678,0.0052,0.0195,1,19,26,26900,31900,"1415.79",0.6,1.58,"Feb","Wed"
2023-02-08,"Education",43580,14045,202,0.3223,0.0046,0.0144,0,0,0,0,0,"$NaN",0,0,"Feb","Wed"
2023-02-08,"Other",42716,11542,241,0.2702,0.0056,0.0209,0,0,0,0,0,"$NaN",0,0,"Feb","Wed"
2023-02-09,"Weekly Newsletter",891897,210737,3731,0.2363,0.0042,0.0177,24,96,172,102750,187000,"1070.31",0.12,0.46,"Feb","Thu"
2023-02-09,"Education",42716,11592,241,0.2714,0.0056,0.0208,0,0,0,0,0,"$NaN",0,0,"Feb","Thu"
2023-02-10,"Themed Newsletter",31869,12923,346,0.4055,0.0109,0.0268,12,14,20,5300,7500,"378.57",0.17,1.08,"Feb","Fri"
2023-02-13,"250k email",56965,16417,192,0.2882,0.0034,0.0117,1,9,12,13000,14200,"1444.44",0.23,0.55,"Feb","Mon"
2023-02-13,"Other",36318,13594,344,0.3743,0.0095,0.0253,1,0,0,0,0,"$NaN",0,0,"Feb","Mon"
2023-02-14,"250k email",31198,9205,110,0.2951,0.0035,0.012,1,5,6,1308,1508,"261.6",0.04,0.54,"Feb","Tue"
2023-02-14,"500k email",35837,11997,392,0.3348,0.0109,0.0327,1,14,271,16950,289729,"1210.71",0.47,1.17,"Feb","Tue"
2023-02-14,"250k email",32681,7252,84,0.2219,0.0026,0.0116,1,4,4,2750,2750,"687.5",0.08,0.55,"Feb","Tue"
2023-02-16,"Other",44282,19903,633,0.4495,0.0143,0.0318,0,0,0,0,0,"$NaN",0,0,"Feb","Thu"
2023-02-16,"Weekly Newsletter",886691,172799,3010,0.1949,0.0034,0.0174,25,65,144,64825,160455,"997.31",0.07,0.38,"Feb","Thu"
2023-02-17,"250k email",12015,3297,90,0.2744,0.0075,0.0273,1,14,26,11600,28000,"828.57",0.97,4.25,"Feb","Fri"
2023-02-20,"Other",831331,212390,3770,0.2555,0.0045,0.0178,0,0,0,0,0,"$NaN",0,0,"Feb","Mon"
2023-02-21,"250k email",27038,7151,86,0.2645,0.0032,0.012,1,3,4,950,1050,"316.67",0.04,0.42,"Feb","Tue"
2023-02-21,"500k email",61110,14771,139,0.2417,0.0023,0.0094,1,2,25,7000,178450,"3500.0",0.11,0.14,"Feb","Tue"
2023-02-21,"500k email",32087,9383,283,0.2924,0.0088,0.0302,1,15,37,18200,31170,"1213.33",0.57,1.6,"Feb","Tue"
2023-02-22,"250k email",47339,14232,182,0.3006,0.0038,0.0128,1,0,0,0,0,"$NaN",0,0,"Feb","Wed"
2023-02-22,"500k email",35706,10319,185,0.289,0.0052,0.0179,1,4,6,600,60700,"150.0",0.02,0.39,"Feb","Wed"
2023-02-23,"Weekly Newsletter",891480,211143,4282,0.2368,0.0048,0.0203,17,70,173,34037,81503,"486.24",0.04,0.33,"Feb","Thu"
2023-02-23,"Weekly Newsletter",44820,19211,572,0.4286,0.0128,0.0298,27,35,81,43425,128090,"1240.71",0.97,1.82,"Feb","Thu"
2023-02-24,"Other",57355,23707,489,0.4133,0.0085,0.0206,0,0,0,0,0,"$NaN",0,0,"Feb","Fri"
2023-02-24,"250k email",19231,8082,244,0.4203,0.0127,0.0302,1,13,36,8000,23900,"615.38",0.42,1.61,"Feb","Fri"
2023-02-27,"250k email",41221,16437,191,0.3988,0.0046,0.0116,1,4,4,4250,4250,"1062.5",0.1,0.24,"Feb","Mon"
2023-02-27,"500k email",35094,8748,194,0.2493,0.0055,0.0222,1,8,9,3000,3250,"375.0",0.09,0.91,"Feb","Mon"
2023-02-27,"250k email",34139,10831,299,0.3173,0.0088,0.0276,1,14,21,19727,21377,"1409.07",0.58,1.29,"Feb","Mon"
2023-02-27,"250k email",15548,4450,80,0.2862,0.0051,0.018,1,1,1,100,100,"100.0",0.01,0.22,"Feb","Mon"
2023-02-27,"250k email",15253,4291,66,0.2813,0.0043,0.0154,1,3,4,600,700,"200.0",0.04,0.7,"Feb","Mon"
2023-02-28,"250k email",29593,9613,146,0.3248,0.0049,0.0152,1,11,12,1942,2942,"176.55",0.07,1.14,"Feb","Tue"
2023-02-28,"250k email",47358,11018,168,0.2327,0.0035,0.0152,1,8,11,3750,4500,"468.75",0.08,0.73,"Feb","Tue"
2023-02-28,"Themed Newsletter",825828,193382,2968,0.2342,0.0036,0.0153,10,74,92,85126,96017,"1150.35",0.1,0.38,"Feb","Tue"
2023-03-02,"Weekly Newsletter",609,355,34,0.5829,0.0558,0.0958,6,2,4,432,1032,"216.0",0.71,5.63,"Mar","Thu"
2023-03-02,"Weekly Newsletter",887011,207990,6526,0.2345,0.0074,0.0314,27,117,191,51533,373774,"440.45",0.06,0.56,"Mar","Thu"
2023-03-02,"Weekly Newsletter",44513,19061,490,0.4282,0.011,0.0257,33,28,55,66511,106561,"2375.39",1.49,1.47,"Mar","Thu"
2023-03-06,"500k email",25083,6881,95,0.2743,0.0038,0.0138,1,3,7,790,10590,"263.33",0.03,0.44,"Mar","Mon"
2023-03-06,"500k email",24807,5784,100,0.2332,0.004,0.0173,1,6,8,1200,1730,"200.0",0.05,1.04,"Mar","Mon"
2023-03-06,"500k email",17398,4201,71,0.2415,0.0041,0.0169,1,4,6,1450,2663,"362.5",0.08,0.95,"Mar","Mon"
2023-03-06,"500k email",17415,4238,108,0.2434,0.0062,0.0255,1,4,5,6250,6500,"1562.5",0.36,0.94,"Mar","Mon"
2023-03-06,"Other",39594,18235,145,0.4605,0.0037,0.008,1,5,7,16750,26750,"3350.0",0.42,0.27,"Mar","Mon"
2023-03-07,"Other",711,377,16,0.5302,0.0225,0.0424,0,0,0,0,0,"$NaN",0,0,"Mar","Tue"
2023-03-07,"250k email",42044,13663,279,0.325,0.0066,0.0204,1,16,17,6850,7050,"428.13",0.16,1.17,"Mar","Tue"
2023-03-07,"500k email",29548,6786,110,0.2297,0.0037,0.0162,1,9,9,10301,10301,"1144.56",0.35,1.33,"Mar","Tue"
2023-03-07,"500k email",29360,6815,123,0.2321,0.0042,0.018,1,5,9,2600,5550,"520.0",0.09,0.73,"Mar","Tue"
2023-03-08,"Other",40,35,12,0.875,0.3,0.3429,0,0,0,0,0,"$NaN",0,0,"Mar","Wed"
2023-03-08,"Themed Newsletter",840426,167289,2342,0.1991,0.0028,0.014,10,42,60,30224,40224,"719.62",0.04,0.25,"Mar","Wed"
2023-03-09,"Weekly Newsletter",683,395,23,0.5783,0.0337,0.0582,3,3,3,6741,6741,"2247.0",9.87,7.59,"Mar","Thu"
2023-03-09,"Weekly Newsletter",901753,211718,8551,0.2348,0.0095,0.0404,27,73,111,41642,63393,"570.44",0.05,0.34,"Mar","Thu"
2023-03-09,"Weekly Newsletter",44248,18657,407,0.4216,0.0092,0.0218,27,33,50,118974,136799,"3605.27",2.69,1.77,"Mar","Thu"
2023-03-13,"500k email",66380,22132,326,0.3334,0.0049,0.0147,1,15,17,6542,6992,"436.13",0.1,0.68,"Mar","Mon"
2023-03-13,"Other",34228,7933,98,0.2318,0.0029,0.0124,1,0,1,0,2500,"$NaN",0,0,"Mar","Mon"
2023-03-14,"250k email",39646,8485,102,0.214,0.0026,0.012,1,0,0,0,0,"$NaN",0,0,"Mar","Tue"
2023-03-14,"250k email",10955,3423,70,0.3125,0.0064,0.0204,1,2,4,600,1050,"300.0",0.05,0.58,"Mar","Tue"
2023-03-14,"250k email",10979,3469,48,0.316,0.0044,0.0138,1,4,4,1550,1550,"387.5",0.14,1.15,"Mar","Tue"
2023-03-14,"Other",732,410,22,0.5601,0.0301,0.0537,0,0,0,0,0,"$NaN",0,0,"Mar","Tue"
2023-03-14,"250k email",40581,9974,133,0.2458,0.0033,0.0133,1,3,3,700,700,"233.33",0.02,0.3,"Mar","Tue"
2023-03-16,"Weekly Newsletter",617,365,20,0.5916,0.0324,0.0548,2,1,1,500,500,"500.0",0.81,2.74,"Mar","Thu"
2023-03-16,"Weekly Newsletter",911624,214958,7804,0.2358,0.0086,0.0363,17,60,145,39583,145878,"659.72",0.04,0.28,"Mar","Thu"
2023-03-17,"Other",41,14,0,0.3415,0,0,0,0,0,0,0,"$NaN",0,0,"Mar","Fri"
2023-03-20,"250k email",76612,22934,302,0.2994,0.0039,0.0132,1,10,13,4450,6750,"445.0",0.06,0.44,"Mar","Mon"
2023-03-20,"250k email",35539,17192,414,0.4838,0.0116,0.0241,1,26,34,108500,145600,"4173.08",3.05,1.51,"Mar","Mon"
2023-03-21,"Other",745,415,12,0.557,0.0161,0.0289,0,0,0,0,0,"$NaN",0,0,"Mar","Tue"
2023-03-21,"250k email",51537,12593,225,0.2443,0.0044,0.0179,1,14,17,7760,9960,"554.29",0.15,1.11,"Mar","Tue"
2023-03-22,"Other",28218,6199,115,0.2197,0.0041,0.0186,1,8,22,13150,39900,"1643.75",0.47,1.29,"Mar","Wed"
2023-03-23,"Weekly Newsletter",913074,210380,3594,0.2304,0.0039,0.0171,21,77,170,67570,220250,"877.53",0.07,0.37,"Mar","Thu"
2023-03-24,"Other",59,49,22,0.8305,0.3729,0.449,0,0,0,0,0,"$NaN",0,0,"Mar","Fri"
2023-03-27,"250k email",18589,6237,57,0.3355,0.0031,0.0091,1,0,0,0,0,"$NaN",0,0,"Mar","Mon"
2023-03-27,"250k email",18375,6270,72,0.3412,0.0039,0.0115,1,0,0,0,0,"$NaN",0,0,"Mar","Mon"
2023-03-28,"500k email",18058,4832,78,0.2676,0.0043,0.0161,1,4,7,400,900,"100.0",0.02,0.83,"Mar","Tue"
2023-03-28,"500k email",18217,4916,70,0.2699,0.0038,0.0142,1,4,9,1200,3500,"300.0",0.07,0.81,"Mar","Tue"
2023-03-28,"Other",907,535,54,0.5899,0.0595,0.1009,0,0,0,0,0,"$NaN",0,0,"Mar","Tue"
2023-03-28,"250k email",27062,8599,123,0.3178,0.0045,0.0143,1,1,7,1000,251900,"1000.0",0.04,0.12,"Mar","Tue"
2023-03-28,"250k email",26940,8566,114,0.318,0.0042,0.0133,1,3,5,1500,2750,"500.0",0.06,0.35,"Mar","Tue"
2023-03-29,"250k email",30125,14670,200,0.487,0.0066,0.0136,1,4,4,6100,6100,"1525.0",0.2,0.27,"Mar","Wed"
2023-03-29,"250k email",863620,198937,3038,0.2304,0.0035,0.0153,1,387,457,336358,767583,"869.14",0.39,1.95,"Mar","Wed"
2023-03-30,"Weekly Newsletter",853,473,27,0.5545,0.0317,0.0571,5,1,4,500,2400,"500.0",0.59,2.11,"Mar","Thu"
2023-03-30,"Weekly Newsletter",918066,225573,3837,0.2457,0.0042,0.017,28,116,168,80719,394495,"695.85",0.09,0.51,"Mar","Thu"
2023-04-04,"Other",41490,12965,199,0.3125,0.0048,0.0153,0,0,0,0,0,"$NaN",0,0,"Apr","Tue"
2023-04-05,"Other",68226,22440,247,0.3289,0.0036,0.011,1,5,9,2400,6500,"480.0",0.04,0.22,"Apr","Wed"
2023-04-06,"Weekly Newsletter",881,485,46,0.5505,0.0522,0.0948,2,2,4,4500,4850,"2250.0",5.11,4.12,"Apr","Thu"
2023-04-06,"Weekly Newsletter",458874,106007,1754,0.231,0.0038,0.0165,20,40,153,38250,128987,"956.25",0.08,0.38,"Apr","Thu"
2023-04-06,"Weekly Newsletter",459730,106538,1734,0.2317,0.0038,0.0163,20,39,141,64450,148712,"1652.56",0.14,0.37,"Apr","Thu"
2023-04-06,"250k email",41490,13068,199,0.315,0.0048,0.0152,1,7,15,15300,23301,"2185.71",0.37,0.54,"Apr","Thu"
2023-04-10,"250k email",27051,9682,146,0.3579,0.0054,0.0151,1,9,9,5150,5150,"572.22",0.19,0.93,"Apr","Mon"
2023-04-10,"250k email",27195,9827,187,0.3614,0.0069,0.019,1,5,6,845,945,"169.0",0.03,0.51,"Apr","Mon"
2023-04-10,"500k email",29685,10556,118,0.3556,0.004,0.0112,1,3,8,850,3100,"283.33",0.03,0.28,"Apr","Mon"
2023-04-11,"250k email",22865,8165,90,0.3571,0.0039,0.011,1,2,2,400,400,"200.0",0.02,0.24,"Apr","Tue"
2023-04-11,"250k email",22920,8174,99,0.3566,0.0043,0.0121,1,1,1,200,200,"200.0",0.01,0.12,"Apr","Tue"
2023-04-11,"250k email",6478,2250,37,0.3473,0.0057,0.0164,1,0,2,0,1300,"$NaN",0,0,"Apr","Tue"
2023-04-11,"500k email",40062,10632,142,0.2654,0.0035,0.0134,1,7,8,1750,2050,"250.0",0.04,0.66,"Apr","Tue"
2023-04-11,"Other",953,611,37,0.6411,0.0388,0.0606,0,0,0,0,0,"$NaN",0,0,"Apr","Tue"
2023-04-11,"Other",2739,1980,459,0.7229,0.1676,0.2318,1,250,594,224726,937749,"898.9",82.05,126.26,"Apr","Tue"
2023-04-11,"Other",2739,1980,459,0.7229,0.1676,0.2318,1,250,594,224726,937749,"898.9",82.05,126.26,"Apr","Tue"
2023-04-13,"Weekly Newsletter",920,489,36,0.5315,0.0391,0.0736,1,2,2,750,750,"375.0",0.82,4.09,"Apr","Thu"
2023-04-13,"Other",2441,1753,386,0.7181,0.1581,0.2202,1,257,658,445702,1017896,"1734.25",182.59,146.61,"Apr","Thu"
2023-04-13,"Weekly Newsletter",918968,216177,4000,0.2352,0.0044,0.0185,33,303,1090,304232,2298509,"1004.07",0.33,1.4,"Apr","Thu"
2023-04-13,"Other",2441,1753,386,0.7181,0.1581,0.2202,1,257,658,445702,1017896,"1734.25",182.59,146.61,"Apr","Thu"
2023-04-14,"Other",20,15,6,0.75,0.3,0.4,0,0,0,0,0,"$NaN",0,0,"Apr","Fri"
2023-04-14,"250k email",23306,11322,136,0.4858,0.0058,0.012,1,0,3,0,12100,"$NaN",0,0,"Apr","Fri"
2023-04-14,"Other",4560,1011,24,0.2217,0.0053,0.0237,1,0,0,0,0,"$NaN",0,0,"Apr","Fri"
2023-04-14,"Other",7213,2145,42,0.2974,0.0058,0.0196,1,1,11,250,5000,"250.0",0.03,0.47,"Apr","Fri"
2023-04-17,"500k email",61127,21074,464,0.3448,0.0076,0.022,1,39,88,20336,79767,"521.44",0.33,1.85,"Apr","Mon"
2023-04-17,"500k email",34896,9911,197,0.284,0.0056,0.0199,1,7,17,2950,11000,"421.43",0.08,0.71,"Apr","Mon"
2023-04-18,"500k email",28124,6547,88,0.2328,0.0031,0.0134,1,5,8,1550,3850,"310.0",0.06,0.76,"Apr","Tue"
2023-04-18,"500k email",15897,5714,115,0.3594,0.0072,0.0201,1,12,30,6450,15200,"537.5",0.41,2.1,"Apr","Tue"
2023-04-18,"Other",1011,599,22,0.5925,0.0218,0.0367,0,0,0,0,0,"$NaN",0,0,"Apr","Tue"
2023-04-19,"500k email",917687,212927,3686,0.232,0.004,0.0173,1,137,162,185862,203021,"1356.66",0.2,0.64,"Apr","Wed"
2023-04-19,"500k email",93792,23878,486,0.2546,0.0052,0.0204,1,30,46,50850,63400,"1695.0",0.54,1.26,"Apr","Wed"
2023-04-19,"Other",1760,1250,351,0.7102,0.1994,0.2808,1,251,297,171061,213628,"681.52",97.19,200.8,"Apr","Wed"
2023-04-19,"500k email",9914,1755,49,0.177,0.0049,0.0279,1,2,5,1250,1850,"625.0",0.13,1.14,"Apr","Wed"
2023-04-20,"Weekly Newsletter",922592,225299,3833,0.2442,0.0042,0.017,26,214,421,226709,1452384,"1059.39",0.25,0.95,"Apr","Thu"
2023-04-20,"Other",1629,887,50,0.5445,0.0307,0.0564,0,0,0,0,0,"$NaN",0,0,"Apr","Thu"
2023-04-21,"250k email",33928,8331,104,0.2455,0.0031,0.0125,1,8,14,3800,16900,"475.0",0.11,0.96,"Apr","Fri"
2023-04-22,"Weekly Newsletter",933227,234414,3650,0.2512,0.0039,0.0156,9,102,206,73341,148399,"719.03",0.08,0.44,"Apr","Sat"
2023-04-24,"Other",1046,608,36,0.5813,0.0344,0.0592,0,0,0,0,0,"$NaN",0,0,"Apr","Mon"
2023-04-24,"250k email",33928,8417,105,0.2481,0.0031,0.0125,1,8,14,3800,16900,"475.0",0.11,0.95,"Apr","Mon"
2023-04-24,"500k email",70787,26886,299,0.3798,0.0042,0.0111,1,14,42,4650,16575,"332.14",0.07,0.52,"Apr","Mon"
2023-04-24,"500k email",18315,4876,69,0.2662,0.0038,0.0142,1,0,1,0,1000,"$NaN",0,0,"Apr","Mon"
2023-04-24,"250k email",11071,2782,37,0.2513,0.0033,0.0133,1,2,2,200,200,"100.0",0.02,0.72,"Apr","Mon"
2023-04-24,"Other",1044,673,37,0.6446,0.0354,0.055,0,0,0,0,0,"$NaN",0,0,"Apr","Mon"
2023-04-25,"250k email",35697,10046,145,0.2814,0.0041,0.0144,1,6,8,8750,10000,"1458.33",0.25,0.6,"Apr","Tue"
2023-04-25,"500k email",28756,8747,142,0.3042,0.0049,0.0162,1,9,17,7450,23050,"827.78",0.26,1.03,"Apr","Tue"
2023-04-25,"500k email",28591,9182,149,0.3212,0.0052,0.0162,1,7,15,6900,19707,"985.71",0.24,0.76,"Apr","Tue"
2023-04-25,"500k email",37623,9279,176,0.2466,0.0047,0.019,1,10,26,33600,49240,"3360.0",0.89,1.08,"Apr","Tue"
2023-04-26,"500k email",1112,450,22,0.4047,0.0198,0.0489,1,4,7,8000,26400,"2000.0",7.19,8.89,"Apr","Wed"
2023-04-26,"500k email",7989,1080,31,0.1352,0.0039,0.0287,1,5,11,3100,11660,"620.0",0.39,4.63,"Apr","Wed"
2023-04-26,"500k email",7992,1058,40,0.1324,0.005,0.0378,1,2,12,3500,10061,"1750.0",0.44,1.89,"Apr","Wed"
2023-04-26,"250k email",13081,1920,40,0.1468,0.0031,0.0208,1,2,2,10250,10250,"5125.0",0.78,1.04,"Apr","Wed"
2023-04-26,"Other",1052,618,29,0.5875,0.0276,0.0469,0,0,0,0,0,"$NaN",0,0,"Apr","Wed"
2023-04-26,"Other",2858,1155,36,0.4041,0.0126,0.0312,0,0,0,0,0,"$NaN",0,0,"Apr","Wed"
2023-04-27,"Weekly Newsletter",972,551,36,0.5669,0.037,0.0653,0,0,0,0,0,"$NaN",0,0,"Apr","Thu"
2023-04-27,"Weekly Newsletter",1000265,233372,4069,0.2333,0.0041,0.0174,19,137,355,156872,387348,"1145.05",0.16,0.59,"Apr","Thu"
2023-04-27,"Other",1259,793,93,0.6299,0.0739,0.1173,1,48,51,50172,51172,"1045.25",39.85,60.53,"Apr","Thu"
2023-04-28,"Weekly Newsletter",1000265,233373,4069,0.2333,0.0041,0.0174,19,137,355,156872,387348,"1145.05",0.16,0.59,"Apr","Fri"
2023-04-28,"250k email",8451,1152,43,0.1363,0.0051,0.0373,1,5,7,39700,40100,"7940.0",4.7,4.34,"Apr","Fri"
2023-04-28,"250k email",8451,1152,43,0.1363,0.0051,0.0373,1,5,7,39700,40100,"7940.0",4.7,4.34,"Apr","Fri"
2023-05-01,"250k email",58748,17380,273,0.2958,0.0046,0.0157,1,9,9,8550,8550,"950.0",0.15,0.52,"May","Mon"
2023-05-01,"500k email",44230,8144,119,0.1841,0.0027,0.0146,1,7,7,3500,3500,"500.0",0.08,0.86,"May","Mon"
2023-05-01,"250k email",10506,2666,38,0.2538,0.0036,0.0143,1,1,1,250,250,"250.0",0.02,0.38,"May","Mon"
